<?xml version="1.0" encoding="UTF-8"?><?xml-stylesheet type='text/xsl' href='_UpgradeReport_Files/UpgradeReport.xslt'?><UpgradeLog>
<Properties><Property Name="Solution" Value="DirtyCalculator">
</Property><Property Name="Solution File" Value="D:\OOP Training (.Net) @ BASIS\.Net Course Content\.Net Course Content\4. OOP\4.1 Basic Concept\Solutions\SmartCalculator\DirtyCalculator.sln">
</Property><Property Name="User Options File" Value="D:\OOP Training (.Net) @ BASIS\.Net Course Content\.Net Course Content\4. OOP\4.1 Basic Concept\Solutions\SmartCalculator\DirtyCalculator.suo">
</Property><Property Name="Date" Value="Monday, November 19, 2012">
</Property><Property Name="Time" Value="19:38 PM">
</Property></Properties><Event ErrorLevel="0" Project="" Source="DirtyCalculator.sln" Description="File successfully backed up as D:\OOP Training (.Net) @ BASIS\.Net Course Content\.Net Course Content\4. OOP\4.1 Basic Concept\Solutions\SmartCalculator\Backup\DirtyCalculator.sln">
</Event><Event ErrorLevel="0" Project="" Source="DirtyCalculator.suo" Description="File successfully backed up as D:\OOP Training (.Net) @ BASIS\.Net Course Content\.Net Course Content\4. OOP\4.1 Basic Concept\Solutions\SmartCalculator\Backup\DirtyCalculator.suo">
</Event><Event ErrorLevel="0" Project="DirtyCalculator" Source="DirtyCalculator\DirtyCalculator.csproj" Description="Project file successfully backed up as D:\OOP Training (.Net) @ BASIS\.Net Course Content\.Net Course Content\4. OOP\4.1 Basic Concept\Solutions\SmartCalculator\Backup\DirtyCalculator\DirtyCalculator.csproj">
</Event><Event ErrorLevel="0" Project="DirtyCalculator" Source="DirtyCalculator\Calculator.cs" Description="File successfully backed up as D:\OOP Training (.Net) @ BASIS\.Net Course Content\.Net Course Content\4. OOP\4.1 Basic Concept\Solutions\SmartCalculator\Backup\DirtyCalculator\Calculator.cs">
</Event><Event ErrorLevel="0" Project="DirtyCalculator" Source="DirtyCalculator\CalculatorUI.cs" Description="File successfully backed up as D:\OOP Training (.Net) @ BASIS\.Net Course Content\.Net Course Content\4. OOP\4.1 Basic Concept\Solutions\SmartCalculator\Backup\DirtyCalculator\CalculatorUI.cs">
</Event><Event ErrorLevel="0" Project="DirtyCalculator" Source="DirtyCalculator\CalculatorUI.Designer.cs" Description="File successfully backed up as D:\OOP Training (.Net) @ BASIS\.Net Course Content\.Net Course Content\4. OOP\4.1 Basic Concept\Solutions\SmartCalculator\Backup\DirtyCalculator\CalculatorUI.Designer.cs">
</Event><Event ErrorLevel="0" Project="DirtyCalculator" Source="DirtyCalculator\Program.cs" Description="File successfully backed up as D:\OOP Training (.Net) @ BASIS\.Net Course Content\.Net Course Content\4. OOP\4.1 Basic Concept\Solutions\SmartCalculator\Backup\DirtyCalculator\Program.cs">
</Event><Event ErrorLevel="0" Project="DirtyCalculator" Source="DirtyCalculator\Properties\AssemblyInfo.cs" Description="File successfully backed up as D:\OOP Training (.Net) @ BASIS\.Net Course Content\.Net Course Content\4. OOP\4.1 Basic Concept\Solutions\SmartCalculator\Backup\DirtyCalculator\Properties\AssemblyInfo.cs">
</Event><Event ErrorLevel="0" Project="DirtyCalculator" Source="DirtyCalculator\Properties\Resources.Designer.cs" Description="File successfully backed up as D:\OOP Training (.Net) @ BASIS\.Net Course Content\.Net Course Content\4. OOP\4.1 Basic Concept\Solutions\SmartCalculator\Backup\DirtyCalculator\Properties\Resources.Designer.cs">
</Event><Event ErrorLevel="0" Project="DirtyCalculator" Source="DirtyCalculator\Properties\Settings.Designer.cs" Description="File successfully backed up as D:\OOP Training (.Net) @ BASIS\.Net Course Content\.Net Course Content\4. OOP\4.1 Basic Concept\Solutions\SmartCalculator\Backup\DirtyCalculator\Properties\Settings.Designer.cs">
</Event><Event ErrorLevel="0" Project="DirtyCalculator" Source="DirtyCalculator\Properties\Settings.settings" Description="File successfully backed up as D:\OOP Training (.Net) @ BASIS\.Net Course Content\.Net Course Content\4. OOP\4.1 Basic Concept\Solutions\SmartCalculator\Backup\DirtyCalculator\Properties\Settings.settings">
</Event><Event ErrorLevel="0" Project="DirtyCalculator" Source="DirtyCalculator\CalculatorUI.resx" Description="File successfully backed up as D:\OOP Training (.Net) @ BASIS\.Net Course Content\.Net Course Content\4. OOP\4.1 Basic Concept\Solutions\SmartCalculator\Backup\DirtyCalculator\CalculatorUI.resx">
</Event><Event ErrorLevel="0" Project="DirtyCalculator" Source="DirtyCalculator\Properties\Resources.resx" Description="File successfully backed up as D:\OOP Training (.Net) @ BASIS\.Net Course Content\.Net Course Content\4. OOP\4.1 Basic Concept\Solutions\SmartCalculator\Backup\DirtyCalculator\Properties\Resources.resx">
</Event><Event ErrorLevel="0" Project="DirtyCalculator" Source="DirtyCalculator\DirtyCalculator.csproj" Description="Project converted successfully">
</Event><Event ErrorLevel="3" Project="DirtyCalculator" Source="DirtyCalculator\DirtyCalculator.csproj" Description="Converted">
</Event><Event ErrorLevel="0" Project="" Source="DirtyCalculator.sln" Description="Solution converted successfully">
</Event><Event ErrorLevel="3" Project="" Source="DirtyCalculator.sln" Description="Converted">
</Event><Event ErrorLevel="0" Project="DirtyCalculator" Source="DirtyCalculator\DirtyCalculator.csproj" Description="Scan complete: Upgrade not required for project files.">
</Event></UpgradeLog>