<?xml version="1.0" encoding="UTF-8"?><?xml-stylesheet type='text/xsl' href='_UpgradeReport_Files/UpgradeReport.xslt'?><UpgradeLog>
<Properties><Property Name="Solution" Value="EmployeeInformationPrimitiveType">
</Property><Property Name="Solution File" Value="D:\OOP Training (.Net) @ BASIS\Course Content - CSharp\2. User Define Type\EmployeeExample\PrimitiveType\EmployeeInformationPrimitiveType.sln">
</Property><Property Name="User Options File" Value="D:\OOP Training (.Net) @ BASIS\Course Content - CSharp\2. User Define Type\EmployeeExample\PrimitiveType\EmployeeInformationPrimitiveType.suo">
</Property><Property Name="Date" Value="Tuesday, April 17, 2012">
</Property><Property Name="Time" Value="20:44 PM">
</Property></Properties><Event ErrorLevel="0" Project="" Source="EmployeeInformationPrimitiveType.sln" Description="File successfully backed up as D:\OOP Training (.Net) @ BASIS\Course Content - CSharp\2. User Define Type\EmployeeExample\PrimitiveType\Backup\EmployeeInformationPrimitiveType.sln">
</Event><Event ErrorLevel="0" Project="" Source="EmployeeInformationPrimitiveType.suo" Description="File successfully backed up as D:\OOP Training (.Net) @ BASIS\Course Content - CSharp\2. User Define Type\EmployeeExample\PrimitiveType\Backup\EmployeeInformationPrimitiveType.suo">
</Event><Event ErrorLevel="0" Project="EmployeeInformationPrimitiveType" Source="PrimitiveType\EmployeeInformationPrimitiveType.csproj" Description="Project file successfully backed up as D:\OOP Training (.Net) @ BASIS\Course Content - CSharp\2. User Define Type\EmployeeExample\PrimitiveType\Backup\PrimitiveType\EmployeeInformationPrimitiveType.csproj">
</Event><Event ErrorLevel="0" Project="EmployeeInformationPrimitiveType" Source="PrimitiveType\EmployeeInformationUI.cs" Description="File successfully backed up as D:\OOP Training (.Net) @ BASIS\Course Content - CSharp\2. User Define Type\EmployeeExample\PrimitiveType\Backup\PrimitiveType\EmployeeInformationUI.cs">
</Event><Event ErrorLevel="0" Project="EmployeeInformationPrimitiveType" Source="PrimitiveType\EmployeeInformationUI.Designer.cs" Description="File successfully backed up as D:\OOP Training (.Net) @ BASIS\Course Content - CSharp\2. User Define Type\EmployeeExample\PrimitiveType\Backup\PrimitiveType\EmployeeInformationUI.Designer.cs">
</Event><Event ErrorLevel="0" Project="EmployeeInformationPrimitiveType" Source="PrimitiveType\Program.cs" Description="File successfully backed up as D:\OOP Training (.Net) @ BASIS\Course Content - CSharp\2. User Define Type\EmployeeExample\PrimitiveType\Backup\PrimitiveType\Program.cs">
</Event><Event ErrorLevel="0" Project="EmployeeInformationPrimitiveType" Source="PrimitiveType\Properties\AssemblyInfo.cs" Description="File successfully backed up as D:\OOP Training (.Net) @ BASIS\Course Content - CSharp\2. User Define Type\EmployeeExample\PrimitiveType\Backup\PrimitiveType\Properties\AssemblyInfo.cs">
</Event><Event ErrorLevel="0" Project="EmployeeInformationPrimitiveType" Source="PrimitiveType\Properties\Resources.Designer.cs" Description="File successfully backed up as D:\OOP Training (.Net) @ BASIS\Course Content - CSharp\2. User Define Type\EmployeeExample\PrimitiveType\Backup\PrimitiveType\Properties\Resources.Designer.cs">
</Event><Event ErrorLevel="0" Project="EmployeeInformationPrimitiveType" Source="PrimitiveType\Properties\Settings.Designer.cs" Description="File successfully backed up as D:\OOP Training (.Net) @ BASIS\Course Content - CSharp\2. User Define Type\EmployeeExample\PrimitiveType\Backup\PrimitiveType\Properties\Settings.Designer.cs">
</Event><Event ErrorLevel="0" Project="EmployeeInformationPrimitiveType" Source="PrimitiveType\Properties\Settings.settings" Description="File successfully backed up as D:\OOP Training (.Net) @ BASIS\Course Content - CSharp\2. User Define Type\EmployeeExample\PrimitiveType\Backup\PrimitiveType\Properties\Settings.settings">
</Event><Event ErrorLevel="0" Project="EmployeeInformationPrimitiveType" Source="PrimitiveType\EmployeeInformationUI.resx" Description="File successfully backed up as D:\OOP Training (.Net) @ BASIS\Course Content - CSharp\2. User Define Type\EmployeeExample\PrimitiveType\Backup\PrimitiveType\EmployeeInformationUI.resx">
</Event><Event ErrorLevel="0" Project="EmployeeInformationPrimitiveType" Source="PrimitiveType\Properties\Resources.resx" Description="File successfully backed up as D:\OOP Training (.Net) @ BASIS\Course Content - CSharp\2. User Define Type\EmployeeExample\PrimitiveType\Backup\PrimitiveType\Properties\Resources.resx">
</Event><Event ErrorLevel="1" Project="EmployeeInformationPrimitiveType" Source="PrimitiveType\EmployeeInformationPrimitiveType.csproj" Description="Your project is targeting .NET Framework 2.0 or 3.0. If your project uses assemblies requiring a newer .NET Framework, your project will fail to build. You can change the .NET Framework version by clicking Properties on the project menu and then selecting a new version in the '.NET Framework' dropdown box. (In Visual Basic, this is located on the Compile tab by clicking the 'Advanced Compiler Options...' button.)">
</Event><Event ErrorLevel="0" Project="EmployeeInformationPrimitiveType" Source="PrimitiveType\EmployeeInformationPrimitiveType.csproj" Description="Project converted successfully">
</Event><Event ErrorLevel="3" Project="EmployeeInformationPrimitiveType" Source="PrimitiveType\EmployeeInformationPrimitiveType.csproj" Description="Converted">
</Event><Event ErrorLevel="0" Project="" Source="EmployeeInformationPrimitiveType.sln" Description="Solution converted successfully">
</Event><Event ErrorLevel="3" Project="" Source="EmployeeInformationPrimitiveType.sln" Description="Converted">
</Event><Event ErrorLevel="0" Project="EmployeeInformationPrimitiveType" Source="PrimitiveType\EmployeeInformationPrimitiveType.csproj" Description="Scan complete: Upgrade not required for project files.">
</Event></UpgradeLog>