<?xml version="1.0" encoding="UTF-8"?><?xml-stylesheet type='text/xsl' href='_UpgradeReport_Files/UpgradeReport.xslt'?><UpgradeLog>
<Properties><Property Name="Solution" Value="EmployeeInformationUserDefinedType">
</Property><Property Name="Solution File" Value="D:\OOP Training (.Net) @ BASIS\Course Content - CSharp\2. User Define Type\EmployeeExample\UserDefineType\EmployeeInformationUserDefinedType.sln">
</Property><Property Name="User Options File" Value="D:\OOP Training (.Net) @ BASIS\Course Content - CSharp\2. User Define Type\EmployeeExample\UserDefineType\EmployeeInformationUserDefinedType.suo">
</Property><Property Name="Date" Value="Friday, May 04, 2012">
</Property><Property Name="Time" Value="17:56 PM">
</Property></Properties><Event ErrorLevel="0" Project="" Source="EmployeeInformationUserDefinedType.sln" Description="File successfully backed up as D:\OOP Training (.Net) @ BASIS\Course Content - CSharp\2. User Define Type\EmployeeExample\UserDefineType\Backup\EmployeeInformationUserDefinedType.sln">
</Event><Event ErrorLevel="0" Project="" Source="EmployeeInformationUserDefinedType.suo" Description="File successfully backed up as D:\OOP Training (.Net) @ BASIS\Course Content - CSharp\2. User Define Type\EmployeeExample\UserDefineType\Backup\EmployeeInformationUserDefinedType.suo">
</Event><Event ErrorLevel="0" Project="EmployeeInformationUserDefinedType" Source="EmployeeInformationUserDefinedType\EmployeeInformationUserDefinedType.csproj" Description="Project file successfully backed up as D:\OOP Training (.Net) @ BASIS\Course Content - CSharp\2. User Define Type\EmployeeExample\UserDefineType\Backup\EmployeeInformationUserDefinedType\EmployeeInformationUserDefinedType.csproj">
</Event><Event ErrorLevel="0" Project="EmployeeInformationUserDefinedType" Source="EmployeeInformationUserDefinedType\Employee.cs" Description="File successfully backed up as D:\OOP Training (.Net) @ BASIS\Course Content - CSharp\2. User Define Type\EmployeeExample\UserDefineType\Backup\EmployeeInformationUserDefinedType\Employee.cs">
</Event><Event ErrorLevel="0" Project="EmployeeInformationUserDefinedType" Source="EmployeeInformationUserDefinedType\EmployeeInformationUI.cs" Description="File successfully backed up as D:\OOP Training (.Net) @ BASIS\Course Content - CSharp\2. User Define Type\EmployeeExample\UserDefineType\Backup\EmployeeInformationUserDefinedType\EmployeeInformationUI.cs">
</Event><Event ErrorLevel="0" Project="EmployeeInformationUserDefinedType" Source="EmployeeInformationUserDefinedType\EmployeeInformationUI.Designer.cs" Description="File successfully backed up as D:\OOP Training (.Net) @ BASIS\Course Content - CSharp\2. User Define Type\EmployeeExample\UserDefineType\Backup\EmployeeInformationUserDefinedType\EmployeeInformationUI.Designer.cs">
</Event><Event ErrorLevel="0" Project="EmployeeInformationUserDefinedType" Source="EmployeeInformationUserDefinedType\Program.cs" Description="File successfully backed up as D:\OOP Training (.Net) @ BASIS\Course Content - CSharp\2. User Define Type\EmployeeExample\UserDefineType\Backup\EmployeeInformationUserDefinedType\Program.cs">
</Event><Event ErrorLevel="0" Project="EmployeeInformationUserDefinedType" Source="EmployeeInformationUserDefinedType\Properties\AssemblyInfo.cs" Description="File successfully backed up as D:\OOP Training (.Net) @ BASIS\Course Content - CSharp\2. User Define Type\EmployeeExample\UserDefineType\Backup\EmployeeInformationUserDefinedType\Properties\AssemblyInfo.cs">
</Event><Event ErrorLevel="0" Project="EmployeeInformationUserDefinedType" Source="EmployeeInformationUserDefinedType\Properties\Resources.Designer.cs" Description="File successfully backed up as D:\OOP Training (.Net) @ BASIS\Course Content - CSharp\2. User Define Type\EmployeeExample\UserDefineType\Backup\EmployeeInformationUserDefinedType\Properties\Resources.Designer.cs">
</Event><Event ErrorLevel="0" Project="EmployeeInformationUserDefinedType" Source="EmployeeInformationUserDefinedType\Properties\Settings.Designer.cs" Description="File successfully backed up as D:\OOP Training (.Net) @ BASIS\Course Content - CSharp\2. User Define Type\EmployeeExample\UserDefineType\Backup\EmployeeInformationUserDefinedType\Properties\Settings.Designer.cs">
</Event><Event ErrorLevel="0" Project="EmployeeInformationUserDefinedType" Source="EmployeeInformationUserDefinedType\Properties\Settings.settings" Description="File successfully backed up as D:\OOP Training (.Net) @ BASIS\Course Content - CSharp\2. User Define Type\EmployeeExample\UserDefineType\Backup\EmployeeInformationUserDefinedType\Properties\Settings.settings">
</Event><Event ErrorLevel="0" Project="EmployeeInformationUserDefinedType" Source="EmployeeInformationUserDefinedType\EmployeeInformationUI.resx" Description="File successfully backed up as D:\OOP Training (.Net) @ BASIS\Course Content - CSharp\2. User Define Type\EmployeeExample\UserDefineType\Backup\EmployeeInformationUserDefinedType\EmployeeInformationUI.resx">
</Event><Event ErrorLevel="0" Project="EmployeeInformationUserDefinedType" Source="EmployeeInformationUserDefinedType\Properties\Resources.resx" Description="File successfully backed up as D:\OOP Training (.Net) @ BASIS\Course Content - CSharp\2. User Define Type\EmployeeExample\UserDefineType\Backup\EmployeeInformationUserDefinedType\Properties\Resources.resx">
</Event><Event ErrorLevel="1" Project="EmployeeInformationUserDefinedType" Source="EmployeeInformationUserDefinedType\EmployeeInformationUserDefinedType.csproj" Description="Your project is targeting .NET Framework 2.0 or 3.0. If your project uses assemblies requiring a newer .NET Framework, your project will fail to build. You can change the .NET Framework version by clicking Properties on the project menu and then selecting a new version in the '.NET Framework' dropdown box. (In Visual Basic, this is located on the Compile tab by clicking the 'Advanced Compiler Options...' button.)">
</Event><Event ErrorLevel="0" Project="EmployeeInformationUserDefinedType" Source="EmployeeInformationUserDefinedType\EmployeeInformationUserDefinedType.csproj" Description="Project converted successfully">
</Event><Event ErrorLevel="3" Project="EmployeeInformationUserDefinedType" Source="EmployeeInformationUserDefinedType\EmployeeInformationUserDefinedType.csproj" Description="Converted">
</Event><Event ErrorLevel="0" Project="" Source="EmployeeInformationUserDefinedType.sln" Description="Solution converted successfully">
</Event><Event ErrorLevel="3" Project="" Source="EmployeeInformationUserDefinedType.sln" Description="Converted">
</Event><Event ErrorLevel="0" Project="EmployeeInformationUserDefinedType" Source="EmployeeInformationUserDefinedType\EmployeeInformationUserDefinedType.csproj" Description="Scan complete: Upgrade not required for project files.">
</Event></UpgradeLog>